{
  "segments": [
    {
      "id": "4616340",
      "name": "BQE N Atlantic Ave - MAN Bridge Manhattan Side",
      "pts": [
        [
          40.701641,
          -73.991121
        ],
        [
          40.70158,
          -73.99033
        ],
        [
          40.70144,
          -73.98932
        ],
        [
          40.70123,
          -73.98797
        ],
        [
          40.70115,
          -73.987461
        ],
        [
          40.70094,
          -73.986521
        ],
        [
          40.70073,
          -73.985921
        ],
        [
          40.70055,
          -73.985581
        ],
        [
          40.70029,
          -73.985211
        ],
        [
          40.70002,
          -73.984946
        ],
        [
          40.69975,
          -73.984681
        ],
        [
          40.69956,
          -73.984551
        ]
      ],
      "n_pts": 12,
      "avg_speed": 5.3,
      "avg_tt": 2303.2,
      "min_tt": 405.0,
      "max_tt": 5325.0,
      "p10_tt": 938.0,
      "p90_tt": 3839.0,
      "n_samples": 379,
      "status": "critical",
      "color": "#ff3b3b",
      "weight": 6.5
    },
    {
      "id": "4616328",
      "name": "FDR N Catherine Slip - 25th St",
      "pts": [
        [
          40.71141,
          -73.97866
        ],
        [
          40.712,
          -73.97793
        ],
        [
          40.712661,
          -73.977511
        ],
        [
          40.71379,
          -73.976931
        ],
        [
          40.71509,
          -73.976251
        ],
        [
          40.7164,
          -73.9756
        ],
        [
          40.71724,
          -73.975231
        ],
        [
          40.71823,
          -73.97497
        ],
        [
          40.72006,
          -73.97471
        ],
        [
          40.72158,
          -73.97453
        ],
        [
          40.722351,
          -73.974331
        ],
        [
          40.72328,
          -73.973801
        ]
      ],
      "n_pts": 12,
      "avg_speed": 17.4,
      "avg_tt": 1291.5,
      "min_tt": 147.0,
      "max_tt": 5708.0,
      "p10_tt": 250.0,
      "p90_tt": 3426.0,
      "n_samples": 336,
      "status": "critical",
      "color": "#ff3b3b",
      "weight": 6.5
    },
    {
      "id": "4616329",
      "name": "FDR N 25th - 63rd St",
      "pts": [
        [
          40.736901,
          -73.974651
        ],
        [
          40.73868,
          -73.973391
        ],
        [
          40.73897,
          -73.97323
        ],
        [
          40.73955,
          -73.97298
        ],
        [
          40.74153,
          -73.97247
        ],
        [
          40.742341,
          -73.97229
        ],
        [
          40.74285,
          -73.97213
        ],
        [
          40.74338,
          -73.971871
        ],
        [
          40.74408,
          -73.97141
        ],
        [
          40.744671,
          -73.97103
        ],
        [
          40.745561,
          -73.970301
        ],
        [
          40.74652,
          -73.96929
        ]
      ],
      "n_pts": 12,
      "avg_speed": 17.3,
      "avg_tt": 868.6,
      "min_tt": 141.0,
      "max_tt": 3833.0,
      "p10_tt": 169.0,
      "p90_tt": 2301.0,
      "n_samples": 337,
      "status": "heavy",
      "color": "#ff7a2b",
      "weight": 5.5
    },
    {
      "id": "4616333",
      "name": "FDR S 25th St - Catherine Slip",
      "pts": [
        [
          40.736971,
          -73.97477
        ],
        [
          40.73651,
          -73.975011
        ],
        [
          40.73595,
          -73.97506
        ],
        [
          40.73512,
          -73.974911
        ],
        [
          40.734061,
          -73.974611
        ],
        [
          40.73273,
          -73.974281
        ],
        [
          40.731711,
          -73.97403
        ],
        [
          40.73137,
          -73.973851
        ],
        [
          40.73096,
          -73.97359
        ],
        [
          40.73067,
          -73.97328
        ],
        [
          40.73019,
          -73.972671
        ],
        [
          40.72966,
          -73.972181
        ]
      ],
      "n_pts": 12,
      "avg_speed": 24.1,
      "avg_tt": 574.4,
      "min_tt": 202.0,
      "max_tt": 2054.0,
      "p10_tt": 244.0,
      "p90_tt": 1148.0,
      "n_samples": 408,
      "status": "slow",
      "color": "#f5c518",
      "weight": 4.5
    },
    {
      "id": "4616339",
      "name": "BQE N Atlantic Ave - BKN Bridge Manhattan Side",
      "pts": [
        [
          40.6916,
          -73.99915
        ],
        [
          40.69236,
          -73.99939
        ],
        [
          40.69272,
          -73.999411
        ],
        [
          40.69328,
          -73.99929
        ],
        [
          40.69405,
          -73.999001
        ],
        [
          40.694461,
          -73.998831
        ],
        [
          40.694931,
          -73.99862
        ],
        [
          40.69543,
          -73.99836
        ],
        [
          40.69592,
          -73.99813
        ],
        [
          40.69675,
          -73.99772
        ],
        [
          40.697751,
          -73.997251
        ],
        [
          40.698871,
          -73.996721
        ]
      ],
      "n_pts": 12,
      "avg_speed": 21.3,
      "avg_tt": 518.1,
      "min_tt": 161.0,
      "max_tt": 1714.0,
      "p10_tt": 175.0,
      "p90_tt": 946.0,
      "n_samples": 402,
      "status": "slow",
      "color": "#f5c518",
      "weight": 4.5
    },
    {
      "id": "4456494",
      "name": "West St S Spring St - BBT Manhattan Portal outbound",
      "pts": [
        [
          40.726201,
          -74.01112
        ],
        [
          40.72528,
          -74.01128
        ],
        [
          40.72181,
          -74.011981
        ],
        [
          40.71955,
          -74.012471
        ],
        [
          40.71654,
          -74.013231
        ],
        [
          40.714451,
          -74.01376
        ],
        [
          40.71251,
          -74.01429
        ],
        [
          40.710841,
          -74.014721
        ],
        [
          40.70869,
          -74.01542
        ],
        [
          40.707931,
          -74.01572
        ],
        [
          40.7072,
          -74.01598
        ]
      ],
      "n_pts": 11,
      "avg_speed": 14.0,
      "avg_tt": 466.9,
      "min_tt": 270.0,
      "max_tt": 1479.0,
      "p10_tt": 315.0,
      "p90_tt": 728.0,
      "n_samples": 152,
      "status": "slow",
      "color": "#f5c518",
      "weight": 4.5
    },
    {
      "id": "4616332",
      "name": "FDR S 63rd - 25th St",
      "pts": [
        [
          40.76069,
          -73.956791
        ],
        [
          40.760161,
          -73.95751
        ],
        [
          40.75941,
          -73.9582
        ],
        [
          40.758081,
          -73.959251
        ],
        [
          40.75674,
          -73.96034
        ],
        [
          40.75594,
          -73.960941
        ],
        [
          40.754851,
          -73.9623
        ],
        [
          40.7535,
          -73.96347
        ],
        [
          40.75308,
          -73.963941
        ],
        [
          40.75272,
          -73.96419
        ],
        [
          40.75171,
          -73.96518
        ],
        [
          40.75041,
          -73.96625
        ],
        [
          40.7492,
          -73.967
        ]
      ],
      "n_pts": 13,
      "avg_speed": 25.4,
      "avg_tt": 375.2,
      "min_tt": 136.0,
      "max_tt": 1379.0,
      "p10_tt": 148.0,
      "p90_tt": 770.0,
      "n_samples": 407,
      "status": "normal",
      "color": "#a3e635",
      "weight": 4.0
    },
    {
      "id": "4456502",
      "name": "BBT E Manhattan Portal - Toll Plaza",